"children","children"
"confession","confession"
"competition","competition"
"climax","climax"
"choreography","choreography"
"ceremony","ceremony"
"blackmail","blackmail"
"birth","birth"
"alienation","alienation"
"Ausdrucksbewegung","Ausdrucksbewegung"
"Achsensprung","Achsensprung"
"accident","accident"
"art","art"
"chase","chase"
"colonialism","colonialism"
"color","color"
"comic relief","comic relief"
"conspiracy","conspiracy"
"danger","danger"
"delusion","delusion"
"design","design"
"disability","disability"
"disease","disease"
"doppelgänger","doppelgänger"
"drugs","drugs"
"encounter","encounter"
"entertainment","entertainment"
"exoticism","exoticism"
"experiment","experiment"
"explosion","explosion"
"family","family"
"fashion","fashion"
"fight","fight"
"food","food"
"glamour shot","glamour shot"
"idyll","idyll"
"intermediality","intermediality"
"lightning","lightning"
"mad scientist","mad scientist"
"magic","magic"
"metamorphosis","metamorphosis"
"miracle","miracle"
"modernism","modernism"
"mother-son","mother-son"
"music","music"
"nature","nature"
"neighbors","neighbors"
"orientalism","orientalism"
"party","party"
"perception","perception"
"poster","poster"
"poverty","poverty"
"public status","public status"
"religion","religion"
"rescue","rescue"
"ritual","ritual"
"romance","romance"
"science","science"
"secret","secret"
"self-reference","self-reference"
"still life","still life"
"style mix","style mix"
"style shift","style shift"
"alcohol","alcohol"
"architecture","architecture"
"beauty","beauty"
"cameo","cameo"
"class difference","class difference"
"crime","crime"
"decay","decay"
"ethnicity","ethnicity"
"eye","eye"
"italianità","italianità"
"meta-ornament","meta-ornament"
"musical number","musical number"
"parent-child relationship","parent-child relationship"
"politics","politics"
"pregnancy","pregnancy"
"private moment","private moment"
"product placement","product placement"
"prostitution","prostitution"
"rape","rape"
"school","school"
"show number","show number"
"slaughter","slaughter"
"suicide","suicide"
"superstition","superstition"
"surveillance","surveillance"
"tableaux vivants","tableaux vivants"
"taboo","taboo"
"telephone call","telephone call"
"theatre","theatre"
"tourism","tourism"
"travel","travel"
"uniform","uniform"
"wind","wind"
"colored lights","colored lights"
"diffusion","diffusion"
"haptic texture","haptic texture"
"high image complexity","high image complexity"
"light / dark","light / dark"
"low image complexity","low image complexity"
"shadows","shadows"
"taste","taste"
"stairs","stairs"
"wedding","wedding"
"war","war"
"turning point","turning point"
"tumult","tumult"
"trial","trial"
"treachery","treachery"
"threat","threat"
"show-down","show-down"
"revolution","revolution"
"revenge","revenge"
"racial conflict","racial conflict"
"planting","planting"
"peripety","peripety"
"overwhelming object world","overwhelming object world"
"murder","murder"
"mother-daughter relationship","mother-daughter relationship"
"mother-daughter conflict","mother-daughter conflict"
"lie","lie"
"harassment","harassment"
"happy ending","happy ending"
"gender","gender"
"funeral","funeral"
"freedom","freedom"
"francité","francité"
"foreboding","foreboding"
"femme fatale","femme fatale"
"father-son","father-son"
"disorientation","disorientation"
"dichotomy","dichotomy"
"deceit","deceit"
"death sentence","death sentence"
"daughterfather relationship","daughterfather relationship"
"death","death"
"couleur locale","couleur locale"
"curse","curse"
"dance","dance"